,AAII_lag0,Google_lag0,UMich_lag0
horizon_1,-7.698841010780666e-05,0.0019500287676173804,0.00036916822669775704
