name,coef,p_value
const,-0.009002776760200169,0.20492173261970253
x0,-0.0004746081788378734,0.9285529978635793
x1,0.0003957740692599306,0.023657660758002855
x2,2.813439759909672e-05,0.6636637106252485
